{
  "adapters_evaluated": 4,
  "questions_per_adapter": 609,
  "results": [
    {
      "label": "base_model_Qwen2.5-7B-Instruct",
      "base_model": "Qwen/Qwen2.5-7B-Instruct",
      "adapter": "none (base model)",
      "qlora": true,
      "total_questions": 609,
      "correct": 94,
      "incorrect": 515,
      "parse_errors": 0,
      "accuracy": 0.15435139573070608,
      "avg_jaccard": 0.48483071389475346,
      "by_topic": {
        "Risk Assessment": {
          "correct": 9,
          "incorrect": 64,
          "parse_error": 0,
          "total_jaccard": 40.19246031746033,
          "count": 73,
          "accuracy": 0.1232876712328767,
          "avg_jaccard": 0.550581648184388
        },
        "Persistence Techniques": {
          "correct": 7,
          "incorrect": 77,
          "parse_error": 0,
          "total_jaccard": 34.36547619047617,
          "count": 84,
          "accuracy": 0.08333333333333333,
          "avg_jaccard": 0.40911281179138304
        },
        "Behavioral Analysis": {
          "correct": 21,
          "incorrect": 79,
          "parse_error": 0,
          "total_jaccard": 52.27380952380954,
          "count": 100,
          "accuracy": 0.21,
          "avg_jaccard": 0.5227380952380954
        },
        "Evasion Techniques": {
          "correct": 12,
          "incorrect": 62,
          "parse_error": 0,
          "total_jaccard": 34.61230158730159,
          "count": 74,
          "accuracy": 0.16216216216216217,
          "avg_jaccard": 0.46773380523380526
        },
        "File Operations": {
          "correct": 14,
          "incorrect": 54,
          "parse_error": 0,
          "total_jaccard": 41.97857142857141,
          "count": 68,
          "accuracy": 0.20588235294117646,
          "avg_jaccard": 0.617331932773109
        },
        "System Interactions": {
          "correct": 16,
          "incorrect": 81,
          "parse_error": 0,
          "total_jaccard": 49.330952380952375,
          "count": 97,
          "accuracy": 0.16494845360824742,
          "avg_jaccard": 0.5085665193912616
        },
        "MITRE ATT&CK Framework Mapping": {
          "correct": 12,
          "incorrect": 55,
          "parse_error": 0,
          "total_jaccard": 27.92738095238095,
          "count": 67,
          "accuracy": 0.1791044776119403,
          "avg_jaccard": 0.41682658137882017
        },
        "Privilege Escalation": {
          "correct": 3,
          "incorrect": 43,
          "parse_error": 0,
          "total_jaccard": 14.580952380952384,
          "count": 46,
          "accuracy": 0.06521739130434782,
          "avg_jaccard": 0.3169772256728779
        }
      },
      "by_difficulty": {
        "medium": {
          "correct": 19,
          "incorrect": 117,
          "parse_error": 0,
          "total_jaccard": 65.4480158730159,
          "count": 136,
          "accuracy": 0.13970588235294118,
          "avg_jaccard": 0.4812354108309993
        },
        "easy": {
          "correct": 74,
          "incorrect": 377,
          "parse_error": 0,
          "total_jaccard": 223.53531746031763,
          "count": 451,
          "accuracy": 0.164079822616408,
          "avg_jaccard": 0.4956437194242076
        },
        "hard": {
          "correct": 1,
          "incorrect": 21,
          "parse_error": 0,
          "total_jaccard": 6.278571428571429,
          "count": 22,
          "accuracy": 0.045454545454545456,
          "avg_jaccard": 0.2853896103896104
        }
      },
      "by_attack": {
        "infostealers": {
          "correct": 19,
          "incorrect": 148,
          "parse_error": 0,
          "total_jaccard": 76.34444444444445,
          "count": 167,
          "accuracy": 0.11377245508982035,
          "avg_jaccard": 0.45715236194278114
        },
        "um_unhooking": {
          "correct": 22,
          "incorrect": 90,
          "parse_error": 0,
          "total_jaccard": 59.0797619047619,
          "count": 112,
          "accuracy": 0.19642857142857142,
          "avg_jaccard": 0.5274978741496599
        },
        "ransomware": {
          "correct": 17,
          "incorrect": 110,
          "parse_error": 0,
          "total_jaccard": 56.231746031746034,
          "count": 127,
          "accuracy": 0.13385826771653545,
          "avg_jaccard": 0.4427696537932759
        },
        "killers": {
          "correct": 16,
          "incorrect": 73,
          "parse_error": 0,
          "total_jaccard": 42.9595238095238,
          "count": 89,
          "accuracy": 0.1797752808988764,
          "avg_jaccard": 0.4826912787586944
        },
        "remcos": {
          "correct": 20,
          "incorrect": 94,
          "parse_error": 0,
          "total_jaccard": 60.64642857142858,
          "count": 114,
          "accuracy": 0.17543859649122806,
          "avg_jaccard": 0.5319862155388472
        }
      }
    },
    {
      "label": "claude_sonnet4.6__qwen2.5_7b_qlora_round5",
      "base_model": "Qwen/Qwen2.5-7B-Instruct",
      "adapter": "gs://smala/adapters/smala-claude_sonnet4.6__qwen2.5_7b_qlora-Qwen2.5-7B-Instruct-round5",
      "qlora": true,
      "total_questions": 609,
      "correct": 84,
      "incorrect": 525,
      "parse_errors": 0,
      "accuracy": 0.13793103448275862,
      "avg_jaccard": 0.48757851799723734,
      "by_topic": {
        "Risk Assessment": {
          "correct": 12,
          "incorrect": 61,
          "parse_error": 0,
          "total_jaccard": 43.09246031746032,
          "count": 73,
          "accuracy": 0.1643835616438356,
          "avg_jaccard": 0.5903076755816482
        },
        "Persistence Techniques": {
          "correct": 4,
          "incorrect": 80,
          "parse_error": 0,
          "total_jaccard": 31.747619047619047,
          "count": 84,
          "accuracy": 0.047619047619047616,
          "avg_jaccard": 0.37794784580498864
        },
        "Behavioral Analysis": {
          "correct": 20,
          "incorrect": 80,
          "parse_error": 0,
          "total_jaccard": 51.561904761904785,
          "count": 100,
          "accuracy": 0.2,
          "avg_jaccard": 0.5156190476190479
        },
        "Evasion Techniques": {
          "correct": 5,
          "incorrect": 69,
          "parse_error": 0,
          "total_jaccard": 34.363888888888894,
          "count": 74,
          "accuracy": 0.06756756756756757,
          "avg_jaccard": 0.46437687687687695
        },
        "File Operations": {
          "correct": 5,
          "incorrect": 63,
          "parse_error": 0,
          "total_jaccard": 37.886904761904745,
          "count": 68,
          "accuracy": 0.07352941176470588,
          "avg_jaccard": 0.5571603641456581
        },
        "System Interactions": {
          "correct": 19,
          "incorrect": 78,
          "parse_error": 0,
          "total_jaccard": 50.26904761904763,
          "count": 97,
          "accuracy": 0.1958762886597938,
          "avg_jaccard": 0.5182376043200787
        },
        "MITRE ATT&CK Framework Mapping": {
          "correct": 14,
          "incorrect": 53,
          "parse_error": 0,
          "total_jaccard": 31.947222222222226,
          "count": 67,
          "accuracy": 0.208955223880597,
          "avg_jaccard": 0.4768242122719735
        },
        "Privilege Escalation": {
          "correct": 5,
          "incorrect": 41,
          "parse_error": 0,
          "total_jaccard": 16.06626984126984,
          "count": 46,
          "accuracy": 0.10869565217391304,
          "avg_jaccard": 0.3492667356797791
        }
      },
      "by_difficulty": {
        "medium": {
          "correct": 14,
          "incorrect": 122,
          "parse_error": 0,
          "total_jaccard": 64.34682539682541,
          "count": 136,
          "accuracy": 0.10294117647058823,
          "avg_jaccard": 0.47313842203548095
        },
        "easy": {
          "correct": 70,
          "incorrect": 381,
          "parse_error": 0,