{
  "adapters_evaluated": 4,
  "questions_per_adapter": 609,
  "results": [
    {
      "label": "base_model_gemma-3-4b-it",
      "base_model": "google/gemma-3-4b-it",
      "adapter": "none (base model)",
      "qlora": true,
      "total_questions": 609,
      "correct": 44,
      "incorrect": 565,
      "parse_errors": 0,
      "accuracy": 0.0722495894909688,
      "avg_jaccard": 0.4437257278390281,
      "by_topic": {
        "Risk Assessment": {
          "correct": 6,
          "incorrect": 67,
          "parse_error": 0,
          "total_jaccard": 38.43452380952381,
          "count": 73,
          "accuracy": 0.0821917808219178,
          "avg_jaccard": 0.5265003261578605
        },
        "Persistence Techniques": {
          "correct": 1,
          "incorrect": 83,
          "parse_error": 0,
          "total_jaccard": 31.39523809523809,
          "count": 84,
          "accuracy": 0.011904761904761904,
          "avg_jaccard": 0.3737528344671201
        },
        "Behavioral Analysis": {
          "correct": 7,
          "incorrect": 93,
          "parse_error": 0,
          "total_jaccard": 42.349999999999994,
          "count": 100,
          "accuracy": 0.07,
          "avg_jaccard": 0.42349999999999993
        },
        "Evasion Techniques": {
          "correct": 7,
          "incorrect": 67,
          "parse_error": 0,
          "total_jaccard": 35.59563492063492,
          "count": 74,
          "accuracy": 0.0945945945945946,
          "avg_jaccard": 0.4810220935220935
        },
        "File Operations": {
          "correct": 5,
          "incorrect": 63,
          "parse_error": 0,
          "total_jaccard": 38.86904761904762,
          "count": 68,
          "accuracy": 0.07352941176470588,
          "avg_jaccard": 0.5716036414565826
        },
        "System Interactions": {
          "correct": 14,
          "incorrect": 83,
          "parse_error": 0,
          "total_jaccard": 46.016666666666666,
          "count": 97,
          "accuracy": 0.14432989690721648,
          "avg_jaccard": 0.47439862542955324
        },
        "MITRE ATT&CK Framework Mapping": {
          "correct": 3,
          "incorrect": 64,
          "parse_error": 0,
          "total_jaccard": 23.252380952380953,
          "count": 67,
          "accuracy": 0.04477611940298507,
          "avg_jaccard": 0.3470504619758351
        },
        "Privilege Escalation": {
          "correct": 1,
          "incorrect": 45,
          "parse_error": 0,
          "total_jaccard": 14.31547619047619,
          "count": 46,
          "accuracy": 0.021739130434782608,
          "avg_jaccard": 0.31120600414078675
        }
      },
      "by_difficulty": {
        "medium": {
          "correct": 6,
          "incorrect": 130,
          "parse_error": 0,
          "total_jaccard": 57.66944444444446,
          "count": 136,
          "accuracy": 0.04411764705882353,
          "avg_jaccard": 0.42404003267973867
        },
        "easy": {
          "correct": 36,
          "incorrect": 415,
          "parse_error": 0,
          "total_jaccard": 204.21785714285707,
          "count": 451,
          "accuracy": 0.07982261640798226,
          "avg_jaccard": 0.4528112131770667
        },
        "hard": {
          "correct": 2,
          "incorrect": 20,
          "parse_error": 0,
          "total_jaccard": 8.341666666666667,
          "count": 22,
          "accuracy": 0.09090909090909091,
          "avg_jaccard": 0.37916666666666665
        }
      },
      "by_attack": {
        "infostealers": {
          "correct": 10,
          "incorrect": 157,
          "parse_error": 0,
          "total_jaccard": 71.36349206349206,
          "count": 167,
          "accuracy": 0.059880239520958084,
          "avg_jaccard": 0.4273262997813896
        },
        "um_unhooking": {
          "correct": 12,
          "incorrect": 100,
          "parse_error": 0,
          "total_jaccard": 51.42380952380954,
          "count": 112,
          "accuracy": 0.10714285714285714,
          "avg_jaccard": 0.4591411564625852
        },
        "ransomware": {
          "correct": 5,
          "incorrect": 122,
          "parse_error": 0,
          "total_jaccard": 49.96666666666668,
          "count": 127,
          "accuracy": 0.03937007874015748,
          "avg_jaccard": 0.3934383202099739
        },
        "killers": {
          "correct": 8,
          "incorrect": 81,
          "parse_error": 0,
          "total_jaccard": 40.0654761904762,
          "count": 89,
          "accuracy": 0.0898876404494382,
          "avg_jaccard": 0.45017388978063144
        },
        "remcos": {
          "correct": 9,
          "incorrect": 105,
          "parse_error": 0,
          "total_jaccard": 57.40952380952382,
          "count": 114,
          "accuracy": 0.07894736842105263,
          "avg_jaccard": 0.50359231411863
        }
      }
    },
    {
      "label": "claude_sonnet4.6__gemma3_4b_qlora_round5",
      "base_model": "google/gemma-3-4b-it",
      "adapter": "gs://smala/adapters/smala-claude_sonnet4.6__gemma3_4b_qlora-gemma-3-4b-it-round5",
      "qlora": true,
      "total_questions": 609,
      "correct": 41,
      "incorrect": 568,
      "parse_errors": 0,
      "accuracy": 0.06732348111658457,
      "avg_jaccard": 0.4135481012328301,
      "by_topic": {
        "Risk Assessment": {
          "correct": 5,
          "incorrect": 68,
          "parse_error": 0,
          "total_jaccard": 35.386111111111106,
          "count": 73,
          "accuracy": 0.0684931506849315,
          "avg_jaccard": 0.4847412480974124
        },
        "Persistence Techniques": {
          "correct": 2,
          "incorrect": 82,
          "parse_error": 0,
          "total_jaccard": 29.329761904761913,
          "count": 84,
          "accuracy": 0.023809523809523808,
          "avg_jaccard": 0.3491638321995466
        },
        "Behavioral Analysis": {
          "correct": 7,
          "incorrect": 93,
          "parse_error": 0,
          "total_jaccard": 39.91984126984126,
          "count": 100,
          "accuracy": 0.07,
          "avg_jaccard": 0.39919841269841255
        },
        "Evasion Techniques": {
          "correct": 2,
          "incorrect": 72,
          "parse_error": 0,
          "total_jaccard": 31.674206349206347,
          "count": 74,
          "accuracy": 0.02702702702702703,
          "avg_jaccard": 0.4280298155298155
        },
        "File Operations": {
          "correct": 5,
          "incorrect": 63,
          "parse_error": 0,
          "total_jaccard": 36.1452380952381,
          "count": 68,
          "accuracy": 0.07352941176470588,
          "avg_jaccard": 0.5315476190476192
        },
        "System Interactions": {
          "correct": 12,
          "incorrect": 85,
          "parse_error": 0,
          "total_jaccard": 44.43333333333333,
          "count": 97,
          "accuracy": 0.12371134020618557,
          "avg_jaccard": 0.45807560137457043
        },
        "MITRE ATT&CK Framework Mapping": {
          "correct": 5,
          "incorrect": 62,
          "parse_error": 0,
          "total_jaccard": 22.688492063492063,
          "count": 67,
          "accuracy": 0.07462686567164178,
          "avg_jaccard": 0.33863420990286663
        },
        "Privilege Escalation": {
          "correct": 3,
          "incorrect": 43,
          "parse_error": 0,
          "total_jaccard": 12.273809523809527,
          "count": 46,
          "accuracy": 0.06521739130434782,
          "avg_jaccard": 0.26682194616977234
        }
      },
      "by_difficulty": {
        "medium": {
          "correct": 8,
          "incorrect": 128,
          "parse_error": 0,
          "total_jaccard": 56.59801587301589,
          "count": 136,
          "accuracy": 0.058823529411764705,
          "avg_jaccard": 0.4161618814192345
        },
        "easy": {
          "correct": 33,
          "incorrect": 418,
          "parse_error": 0,